Fabric Name,Fabric #,Style #'s
Turquoise green Burfii,6002,"24045, 24023, 24022, 24016"
Royal blue barfi,6017,"24044, 24033, 24021, 24020, 24000, 16072, 14027, 14018, 14016, 24016, 24011"
Black barfi,6020,"24043, 24041, 24036, 24019, 24006, 16098"
Navy french crepe,3044,"24042, 24004, 16041, 19034, 19205, 19545, 19687"
Red Vamika crepe ,3068,"24040, 24035, 24008, 24007, 24012"
Purple harnaz,6071,"24039, 19207"
Burgundy harnaz,6072,"24038, 24037, 19023"
Red burfi ,6035,"24034, 19713"
Wine shimmery cosmic,6055,"24032, 16077"
Orange burfi,6006,"24031, 24018, 15008, 24028"
Peach orange burfii,6008,"24030, 14037, 14036, 14035, 14024"
Magenta Burfi,6009,"24029, 24028, 15003, 14034, 14028, 13070, 13069, 19204"
Yellow Vamika crepe ,3059,"24027, 24025, 24013, 24012, 17013, 19695"
Hot Pink Satin ,3074,"24026, 17054"
Pista green roman silk,6039,"24024, 17005"
Navy ggt,2040,"24017, 24014, 12006, 10866, 18091"
Burgundy vichitra,6011,"24015, 13071, 19099"
Sea Green Vamika crepe ,3061,"24011, 24010, 24009"
Red french crepe ,3060,"24005, 24002"
Maroon Vamika crepe ,3062,"24003, 24001, 17026"
Rust floral ggt,2095,"18069, 18004"
Beige floral tiger print satin,1070,"18068, 17073"
Green & black floral ggt,2097,18067
Blue- white tie & dye print,9007,"18065, 18064"
Black & nion tropical print ggt,2089,"18063, 16025"
Multi print ggt,7012,"18062, 16021"
Navy tie & dye crepe,9010,"18061, 19315, 19396"
Navy-white small big polka georgette,9005,18059
Pista Green - yellow floral crepe,9006,18058
Green plaid rayon,1067,"18057, 17050"
Purple & Navy purple plaid  rayon,1068,"16084, 18056"
Wine vichitra,6073,18055
Green-white zebra print crepe,9012,"18052, 19332, 19301"
Wine Zebra print crepe ,9021,"18051, 19085"
Orange-white zebra print crepe,9024,"18050, 19070"
Lime Green Tropical print Crepe,9013,"18049, 18021, 18087, 18088"
 Black Multi Tropical print Crepe,9004,18048
Sky blue telsa,6076,18047
Magenta telsa,6075,18045
Teal telsa,6074,"18044, 19209"
Red telsa,6077,"18043, 19216, 19217, 19236, 19374"
Bottle green telsa,6079,18042
Lavender Lycra scrabble Fabric,8009,"18041, 18014, 18013, 16062, 16061, 19215, 19356, 19376"
Sea green Lycra scrabble fabric,8010,"18040, 16051, 16050, 19212, 19250, 19375"
Black  Lycra scrabble fabric,8008,"18039, 16064, 16063, 19210, 19213, 19219, 19221, 19222, 19223, 19225, 19226, 19243, 19244, 19245, 19247"
Green Tropical print Rayon,9019,"18038, 18037"
Pink & navy polka ggt,2064,"18036, 15055"
Magenta jersey,5050,"18035, 19725"
 Dark Orange Slub,9018,"18034, 18033, 19265, 19280, 19286, 19287"
Fusia Pink slub,9014,"18032, 18031, 18016, 19270, 19282, 19287, 19286"
Magenta slub,9015,"18030, 18029, 18018, 18017, 19264, 19272, 19279"
Black satin,3022,"18028, 17029, 14021, 13001, 12024, 12021, 12008, 12007, 11193, 11191, 10862, 19753"
Rust marbel print ggt,7003,"18027, 16034"
 Off White & black houndstooth,6078,"18026, 19248, 19238"
Multi Printed Chiffon,9001,"18025, 19312"
Rust  black Floral chiffon,9002,18024
Grey polka ggt,9025,18023
Candy print ggt,2090,"18022, 18006"
Olive floral satin,1072,18020
Ombre Georgette ,7010,"18019, 16036"
Green Cotton slub ,3065,"18015, 16070, 19271, 19281, 19510, 19511, 19550"
Peach black floral crepe,1022,"18012, 18011, 14030, 14022, 14020, 14019"
Red rib,6044,"18010, 18009, 16045, 15082, 19024, 19354"
Beige Rib ,6056,"18008, 18007, 16044"
Solid neon crepe ,3012,"18005, 11116, 19389"
Black stripe crepe,1015,"18003, 18002, 15015, 15014, 14054, 13019, 12054, 11184, 11179, 11171, 19160, 19696, 19761, 19261, 19418"
Magenta stripe crepe,1016,"18001, 18000, 13056, 19321"
Wine stripe crepe,1032,"17099, 17098, 16035, 12049, 19297, 19760"
Maroon stripe crepe,1014,"17097, 17096, 14057, 12077, 11157, 19292"
Bottle green velvet (Super soft),8015,"17095, 17094"
Navy Velvet (super soft),8014,"17093, 17092, 19214, 19218, 19235, 19237, 19240"
navy stripe crepe,1010,"17091, 17090, 15013, 14053, 13007, 12053, 11109, 11086, 19295, 19296"
Maroon Velvet (Super Soft),8016,"17089, 17088, 19231, 19234, 19241, 19242"
Bottle Green Fleece ,8012,"17087, 17086, 19141"
Black Cotton slub ,3066,"17085, 19011, 19012, 19267, 19275"
Off-white Cotton slub ,3067,"17084, 19009, 19010, 19756, 19324, 19425"
Pink plaid crepe,1048,"17083, 16081, 15067"
Green plaid crepe,1049,"17082, 16074, 15066"
Green white strip crepe,1051,"17081, 17008, 15056, 19381"
Solid magenta Crepe,3041,"17080, 13026, 19515"
White-black geometric box print crepe,1017,"17079, 12071"
White-navy stripe and floral crepe,1024,"17078, 13080, 13078"
 Navy floral Cotton ,1044,"17077, 15024"
Magenta polka crepe,1021,"17076, 17058, 17057, 16055, 13054, 19327, 19341"
Red Harnaz,6049,17075
Maroon fleece,6061,"17074, 17044"
Magenta fleece ,8011,"17071, 19254"
Teal shimmery cosmic,6054,"17070, 16079"
Mustard polka crepe,1019,"17068, 17067, 12091"
Camouflage print crepe,1005,"17066, 17065, 14015"
Blue floral crepe,1023,"17064, 17063, 14051, 14049, 14047, 13083"
Burgundy leopard print crepe,1006,"17062, 17061, 13021, 13012, 13005, 13004, 19088, 19146, 19225"
Navy pink polka crepe,1020,"17056, 17055, 17023, 13049, 13048, 13018, 12092, 19515"
Olive gold shimmer vichira,6057,"17053, 19208"
Fusia pink chiffon,6070,17051
Charcoal grey fleece,6031,"17047, 13034, 13030, 12015, 19145, 19152, 19755"
Coffee brown Fleece ,8006,"17046, 19239"
Red Fleece,8007,"17045, 17042, 19142, 19754"
Off-white fleece,6036,"17043, 17040, 16027"
Black herringbone wool,6029,17039
Beige suede,8000,17038
Brown suede,8001,17037
Black fleece,6027,"17036, 17033, 14095, 14094, 13031, 12005, 19138, 19143, 19146, 19147, 19155, 19238, 19251, 19709, 17074, 19136, 19137, 19154, 19229"
Black Rabbit fur,6062,"17035, 17040"
Gray fleece,6028,"17034, 14085, 13029, 11106, 19164, 19229, 19717"
Mustard fleece,6030,"17032, 17031, 12014, 19139"
Wine Velvet(super soft),8005,"17030, 19211"
 Turquoise green Harnaz ombre ,6052,17028
Multi print crepe,1034,"17027, 12069, 19302"
Solid Olive crepe ,3011,"17025, 17024, 11170"
Burgundy polka crepe,1038,"17022, 13045, 13044, 13013, 12076, 12075, 12070, 19733, 19735"
Peach polka crepe,1039,"17021, 13058, 19316"
White small polka crepe,1028,"17020, 12055"
Burgundy popcorn butta ggt,7013,17019
Brown animal print crepe,1001,"17018, 16060, 14032, 12094"
Black plaid print crepe,1013,"17017, 12046"
Beige strip ggt,2079,"17016, 15068"
,7017,17015
White popcorn butta ggt,7014,"17014, 17003, 19762"
Black crincle rayon,3025,17012
Burgundy ombre harnaz,7015,17011
Olive-yellow floral print rayon,1041,"17010, 12086"
Solid Pista Green Crepe,3047,"17009, 19740"
Blue and white stripe georgette,2005,"17007, 13009"
Baby Pink Plain Georgette ,2037,"17006, 10025"
Green tropical  crepe,1063,"17004, 16099, 16037, 15085, 19516"
Turquoise moss crepe,4029,17002
Gray and peach floral crepe,1029,17001
Pink floral crepe,1025,"17000, 13011, 12045, 19342"
Yellow- white floral georgette,2011,"16097, 13064, 12082"
Solid navy blue crepe ,3014,"16096, 12013, 11196, 11177, 11028, 10804, 19059, 19414, 19703, 19723, 19737, 12056, 19052, 19054, 19149"
Solid bottle green crepe ,3001,"16095, 16031, 12020, 11019, 19128, 19705"
Solid turquoise blue crepe,3020,"16094, 19516, 19345, 19410"
Orange swiss dot ggt,2048,"16093, 13047, 12030"
 Olive Amalfi,6067,16092
Gray barfi,6019,"16091, 14097"
Navy Cotton slub ,3064,"16090, 19269, 19283"
Black telsa,6043,"16089, 16088, 16087, 16008, 15086, 19220, 19230, 19232, 19233, 19260"
Orange floral satin,1069,16085
Turquoise Green dobby Rayon ,3052,16083
Magenta leapard print rayon,1071,16082
Red cosmic ,6051,"16078, 16043"
Magenta harnaz,6047,"16076, 19051"
Maroon heather  Moss crepe ,4014,"16075, 15043"
Red Pleated Crepe ,3073,16073
White polka ggt,2091,"16071, 19718"
Black pleated crepe,3031,"16069, 13024"
Red Plain Georgette ,2035,"16068, 12067, 12001, 11199, 11126, 19724, 11142, 19217"
Black Georgette,2036,"16067, 16017, 15018, 12085, 12043, 12036, 12003, 11189, 11188, 10742, 10600, 19167, 19710, 11090, 19210, 19739, 19230"
Turquoise green harnaz,6048,16066
Yellow roman silk,6040,16065
Maroon vichitra,6066,"16059, 16056, 18060, 19730"
Bottle green vichitra,6064,"16058, 16057, 19101"
Red floral printed ggt,7000,"16054, 16033"
Maroon rayon,3037,"16053, 15004"
Red tropical print ggt,2088,"16052, 16009, 19346, 19722"
Burgundy plain crepe,3075,"16049, 19131"
Harnaz,6065,16048
Pink paisely print crepe,1066,"16047, 19716"
Turquoise polka ggt,7009,"16046, 16000"
Solid Coffee brown crepe,3019,"16042, 11152"
Mint green floral ggt,2083,"16040, 16014"
Mustard leopard print ggt,2017,"16039, 16030, 14066, 19224"
White pink polka ggt,2066,"16032, 15094, 19063"
Beige floral satine,1060,"16029, 18097, 18098"
Yellow - white polka ggt,2077,"16028, 16003"
Black and white houndstooth,6037,"16026, 16007"
Turquoise abstract print ggt,2078,"16024, 15065, 15064"
Solid black Crepe,3000,"16023, 15062, 15005, 14048, 13028, 13024, 13022, 12093, 12063, 12062, 12040, 12027, 12012, 11197, 11178, 11176, 11168, 11121, 11042, 10811, 10801, 10793, 19064, 19084, 19087, 19088, 19130, 19224, 19227, 19228, 19255, 19340, 19379, 19411, 19489, 19690, 19702, 19711, 19721, 19731, 19734, 19736, 19738, 19739, 19763, 14026, 12046, 12043, 11103, 19050, 19053, 19039, 19071, 19082, 19073, 19118, 19124, 19157, 19058"
Blush Pink vichitra,6050,16022
Lavender swiss dot ggt,2059,"16020, 15040"
Multicolor print color-blocked  Georgette,2004,"16019, 14058"
Peach harnaz,7001,16018
White floral ggt,2049,"16016, 13077"
Pink swiss dott ggt,2060,"16015, 15054"
Multi paint print ggt,2023,"16013, 14078, 19179"
Red jersey,5031,"16012, 16011, 12044, 16011"
Black jersey,5029,"16010, 13050, 12017, 12000, 11097, 11090, 10840, 13049, 12000, 10840"
 Lavender blush lio silk,6053,16005
Caremel (peach)French Crepe ,3045,"16004, 19086, 19100, 19111"
Mint green paisely ggt,1056,16002
Black & white  thin stripe crepe,1064,"16001, 19298, 19715"
Turquoise roman silk,6038,15099
Turquoise harnaz,6046,"15098, 15097, 19092, 19093, 19177, 19312"
,1062,15096
Nion geometric print ggt,7002,"15095, 18092, 19714"
Wine stripe crepe new,1052,"15093, 15051, 19694"
Olive digital print ggt,2086,15092
Black Floral net ,4020,"15091, 15062, 19221, 19702, 19110"
Multi tropical print crepe,1061,15090
Black floral  crinkle rayon ,1054,15089
Neon geometric print ggt,2084,15088
Pink paisely ggt,1055,15087
Black - Golden swiss dott ggt,2051,"15084, 15041"
Wine floral net,4027,"15083, 16049"
ivory floral net,4035,"15081, 18099"
Green floral net,4026,"15080, 16031, 19705"
Black & lavender floral ggt,7011,"15079, 19306"
Navy polka ggt,7008,15078
Turquoise Green Rayon ,3051,"15077, 19029"
Pista Green Rayon,3050,"15076, 19353"
Solid Pink Rayon ,3049,"15075, 19478, 19480, 19691, 19326"
Green tropical print crepe,1036,"15074, 14025"
Multi big polka ggt,7004,"15073, 18094, 19750"
Olive floral ggt,2087,"15072, 15071"
Navy & red stripe ggt,2085,"15070, 15069"
Black small polka new,1059,"15063, 19320"
Multi printed ggt,2081,"15061, 15060"
Red small polka ggt,2082,15059
neon green tropical print ggt,2080,15058
White small big polka ggt,2065,15057
Sky-blue floral ggt,2063,"15053, 19309"
Pink-white stripe crepe,1030,"15052, 14023, 19316, 17021"
Red small polka crepe,1053,15049
Pista Green Moss crepe,4009,"15048, 12060"
Royal blue moss crepe,4022,"15047, 19732, 19178, 19049"
Green moss crepe,4017,"15046, 19049"
Magenta floral ggt,2061,"15045, 19018"
Navy heather moss crepe,4015,15044
Hot pink Moss crepe ,4016,15042
Maroon swiss dot ggt,2058,15039
Pink abstract water ggt,2057,"15038, 19368, 19394"
Pink abstract print ggt,2056,15037
 White & Niyon floral ggt,2055,15036
Beige floral ggt,2054,15035
Pink floral ggt,2053,15034
Navy blue Noritake silk,6016,"15032, 15023"
Red Noritake silk,6010,"15031, 15001, 15000, 14099"
Olive Plain Georgette ,2042,"15030, 12079, 19757"
Turquoise Blue Plain Georgette ,2044,"15029, 11144, 19104, 19105, 19307"
Off-white floral ggt,2015,"15028, 15025"
Red floral ggt,2050,"15027, 13042"
Red and black Zebra print georgette,2008,"15026, 14052"
Mint green bubble crepe,1046,15022
 Beige Leopard print satin ,1045,15021
 Turquoise Green Vichitra silk,6012,"15020, 13072"
Purple Plain Georgette ,2041,"15019, 10512"
Navy floral net,4013,"15017, 10940, 10804, 19703"
Solid red crepe ,3013,"15016, 14070, 13057, 12042, 11182, 11142, 19179, 19055, 19346, 19419"
Teal moss crepe,4008,"15012, 12048"
Turquoise-green Noritake silk,6014,15011
Blue-grey abstract print ggt,2046,"15010, 14071"
Mint green floral georgette,2006,"15009, 14039, 19305"
Cream Burfi,6005,15007
Sea- green  moss crepe,4001,"15006, 13027, 19747"
Baby pink Noritake silk,6007,15002
Peach solid color moss crepe,4002,"14098, 12041"
Navy-yellow floral ggt,2029,"14096, 14076"
Black schiffli,3027,14093
Mint green floral print georgette,2009,"14092, 14017, 14014, 14012"
Black small houndstooth wool,6024,"14091, 14088"
Black-white Houndstooth wool,6025,"14090, 14086"
Brown big plaid wool,6023,14089
Black Nep wool,6022,14087
Solid mustard crepe ,3005,"14084, 12052, 12051, 11147, 19727, 19749, 12086"
Orange floral print georgette,2010,"14083, 14038, 13059, 13055, 19746"
Mustard floral ggt,2031,14082
Black-white floral ggt,2013,14081
Red floral print ggt,2022,"14080, 14077"
Metallic Noritake silk ,6001,"14079, 14045"
Black abstract print ggt,2021,"14075, 11188"
Mauve/burgundy leopard print ggt,2016,14074
Brown leopard print ggt,2020,14073
Purple geometric print ggt,2025,"14072, 19719"
Black-red floral crepe,1033,14069
Sky-blue and cream butta ggt,2026,"14068, 14065"
Black snake print ggt,2028,"14067, 14064"
Magenta moss crepe,4003,"14063, 13033, 19166"
Black moss crepe,4006,"14062, 14050, 12096, 12095, 12064, 12023, 19066, 19110, 19552, 19742, 19158"
Gray marble print crepe,1009,"14061, 12087, 19087"
Maroon schifli,3028,14060
Green schiffli,3026,"14059, 19352"
Teal pleated crepe,3032,14056
Magenta pleated crepe,3030,14055
Peach floral crepe,1003,"14046, 12088"
Black  print ggt,2030,14044
Magenta Plain Georgette ,2038,"14043, 13043, 19305"
Mint green swiss dot ggt,2024,14042
Solid white crepe ,3008,"14041, 14026, 12026, 11103, 19085, 19118, 19701, 17003, 15016, 11197, 11178, 11176, 11152, 11028, 18099, 19058, 19734, 19736, 19762"
Mustard pleated crepe,3033,"14040, 14084"
Brown animal print ggt,2001,"14033, 14029, 13076, 19745, 19255"
Lime green Barfi,6013,"14013, 14011"
Navy blue cotton(slub),3029,13084
Turquoise floral crepe,1026,"13082, 13075"
Mauve georgette ,2033,"13081, 13060"
Red big  floral print ggt,2027,"13079, 12022"
Pink polka ggt,2014,"13068, 13067, 13053"
Mint Green tie-dye georgette,2012,"13066, 12081"
Camelio print crepe,1004,"13065, 12005"
Gray heather moss crepe,4005,"13062, 19313"
Lavender moss crepe,4007,"13061, 13041"
Purple jersey,5043,13052
Wine jersey,5028,"13051, 11047, 13051, 13050, 11047"
Black  small floral crepe,1047,"13046, 13037, 13036"
Black- white check wool,6034,13040
Red-black check wool,6033,13039
Black wool,6026,13038
Yellow printed ggt,2018,13035
Bottle green moss crepe,4004,"13032, 12074"
Solid grey crepe ,3004,"13025, 19109, 19488"
Green rayon stripe print crepe,1037,13023
Black small polka crepe,1011,"13020, 13003, 13002, 19728, 17020"
Gray floral print rayon,1040,"13017, 12050"
Golden Satin,3048,13016
Black floral crepe,1000,"13014, 13008, 12039, 19712, 11106"
Multi stripe print ggt,2019,"13010, 13006, 19392"
Maroon satin,3021,"13000, 12010, 12009, 19743, 18028, 11189"
White crinkle rayon,3024,"12099, 12098, 11174, 11173"
Yellow floral print crepe,1008,12078
Black-white geometric box print crepe,1018,"12073, 17079"
Peach floral georgette,2007,12072
Black swiss dot ggt,2045,"12066, 19232"
Navy floral  crepe,1002,"12065, 11101, 19726, 19729, 19758"
Black small polka georgette,2002,"12061, 12033"
Rust polka crepe,1027,"12059, 12058"
Big black polka georgette,2000,"12057, 11190, 10807, 10988, 12060"
 Navy Multi print crepe,1007,"12056, 12047"
Mustard stripe crepe,1043,12037
White Plain Georgette ,2043,"12035, 11042"
Red big polka ggt,2003,12018
Mustard jersey,5032,"12016, 12016"
Burgundy swiss dot ggt,2032,12004
Maroon jersey,5034,11198
Olive jersey,5030,11195
Navy floral ggt,2062,11194
Solid light brown crepe ,3007,11162
Solid onion pink crepe,3016,11154
Solid orange crepe ,3002,"11118, 19720, 12047"
Black medium polka crepe,1012,"10988, 10923, 19261, 19320, 19418, 19176, 11121, 19711"
Navy green panel print crepe,9023,"18053, 19149"
Pink big polka cerpe,9033,"18073, 19474"
Wine floral crepe,9008,18076
Black multi polka ggt,2098,"18077, 19057"
Orange print satin,9026,18080
Green tropical print ggt,2096,"18081, 19311"
Mauve jersey,5037,"18083, 13052"
Green jerseyy,5058,18084
Orange jersey,5059,18085
Mehndi clr jersey,5057,18086
Green Black printed ggt,2094,"18089, 19307"
Bottle green harnaz,6068,"18090, 19098"
Navy & White polka ggt,2093,18093
Grey slub,9017,"18096, 19000, 19001, 19285, 19284"
Black Red polka crepe,9022,"18070, 18071"
Black & Mustard printed ggt,2092,"18078, 18079, 19314"
Black floral rivera  moss crepe,9020,"19002, 19158"
Brown polka crepe,9009,"19003, 19125, 19472, 19759"
Pink tesla,6082,19004
Peach floral rayon,9028,"18095, 19015"
Bottle green stripe crepe,9076,19006
Turquoise cotton slub,9016,"19007, 19008, 19026, 19266, 19274, 19284, 19285"
Powder blue floral ggt,2100,"19014, 19013"
Black & white rayon,9075,19017
Black haringbone,9067,19019
Yellow white stripe,9074,"19020, 19090, 19299, 19396, 19383"
Mint green pink floral crepe,9044,"19022, 19377"
Turquoise silk crepe,6083,"19035, 19036"
Navy big polka crepe,9069,"19027, 19469, 19330"
Green small polka crepe,9048,19028
 Multi geometric crepe,9066,19030
White & green print crepe,9030,19031
Black Green multi print crepe,9031,"19032, 19033"
Black & white cown print,9065,"19037, 19038, 19157, 19138"
Mustard leopard print crepe,9059,"19040, 19039, 19139"
Navy heart print crepe,9042,"19043, 19059"
Black paisley print crepe,9043,19044
Black heart print crepe,9037,"19045, 19560, 19064"
Grey harnaz,6081,"19046, 19094, 19095"
Teal grey moss crepe,4038,"19047, 19048, 19417"
Navy check crepe,9058,19041
white and black printed crepe,9045,"19050, 19053, 19021"
white and blue printed crepe,9046,"19052, 19054, 19041"
White & red check crepe,9047,19055
Orange harnaz,6080,"19056, 19173, 19174"
Navy white  floral ggt,5062,19060
Turquoise multi floral crepe,9068,"19061, 19062"
Multi houndstooth crepe,9035,"19058, 19071, 19086"
 Yellow heart print crepe,9051,19065
Light yellow moss crepe,4040,"19068, 19048"
Sea green moss crepe,4041,19069
Turquoise heart print crepe,9050,19067
Peach moss crepe,4039,"19072, 19047"
sky blue strip crepe,9052,"19076, 19151"
Red stripe crepe,9054,"19077, 19150, 19293"
Blue stripe crepe,9049,"19078, 19291"
Navy Dark stripe crepe,9055,"19079, 19300"
Orange Black zebra print crepe,9041,19080
Brown animal printed crepe,9064,"19074, 19082, 19073, 19082"
Black & blue snake print crepe,9034,19075
Mint green floral crepe,9038,19083
Red & navy stripe crepe,9036,"19042, 19089"
Multi stripe crepe,9062,"19091, 19294, 19383, 19299"
Burgundy lurex ggt,8019,19096
Red silver lurex ggt,8017,19097
lavender ggt,8035,"19102, 19306"
Lavender silk,6087,19103
Pink shimmery ggt,8018,19106
Black lurex ggt,8021,19107
Burgundy silver lurex stripe ggt,8020,19108
Sea green french crepe,6089,19113
Yellow shimmery ggt,8032,19115
Multi abstract print ggt,2099,"19119, 19310"
Peach Nysha silk,6085,19120
Brown sherpa,8022,19136
Yellow nysha silk,6086,"19121, 19122, 19112, 19206"
Wine sherpa,8023,19137
Black & brown animal print crepe,9070,"19124, 19249, 19130, 19226, 19227, 19228"
Rust solid crepe,3081,19126
Peach french crepe,3076,"19127, 19116"
Beige animal print crepe,9073,19129
Beige sherpa,8029,19140
Green fleece,8025,"19144, 19253"
Black & red chain print ggt,9071,19148
navy fleece,8034,19153
White check wool,8024,19154
light yellow crepe,3086,19156
Navy white plaid crepe,9072,"19159, 19171"
Pink fleece,8033,19161
Rose pink mosscrep,4018,19169
Fusia pink ggt,3214,19168
Olive shimmery cosmic,6063,19170
Gray Silk Crepe ,6091,19175
Green floral net,3215,19162
Beige fleece,8026,"19165, 19252, 19152, 19153"
Beige silk,3110,19203
Royal blue crepe,3087,"19246, 19416"
Marbel print satin,9077,19256
Off-white sherpa fleece,3108,"19257, 19239"
Royal blue frence crepe,3083,19258
Mustard frence crepe,3084,19259
Purple vichitra ,3109,19262
Electric blue cotton slub,3117,"19263, 19278, 19507"
Brown slub,9029,"19268, 19276"
Heather blue cotton slub,3118,"19273, 19277"
Green satin,3107,"19288, 19319"
Mehndi colour satin,3106,"19289, 19318"
Brown lycra,3112,19304
Beige lycra,3129,19290
parrot green solid crepe,3125,19301
Beige plain crepe ,3216,19302
sea green solid crepe,3127,19303
Yellow plain ggt,3217,19308
Pink plain ggt,3218,19309
Black & white thick stripe crepe,1065,"19317, 16001, 19715"
Red & white stripe crepe,9098,"19322, 19329"
Olive & white print rayon,9086,"19323, 19407"
Yellow floral rayon ,9084,"19324, 19398, 19404"
Magenta rayon,3219,19325
Turquoise rayon,3221,19326
Turquoise polka crepe ,9103,"19328, 19336, 19337, 19359"
Red polka crepe ,9117,19329
Navy blue thick stripe crepe,9097,19330
Bottle green polka crepe,9107,"19331, 19357, 19364"
parrot green cotton slub,3116,19333
Yellow big polka crepe ,9116,"19334, 19335, 19470"
Digital Yellow face print crepe,9080,"19338, 19545"
Red & white print rayon,9085,"19339, 19382, 19406"
Multi dott print crepe,9092,19343
Beige & brown print crepe,9093,19344
Green paisley print crepe,9106,19345
Navy green stripe crepe,9114,19347
Multi stripe crepe,9090,"19388, 19348"
Blue & white thik thin stripe crepe,9096,"19387, 19349"
,0,"18066, 18046, 17052, 17041, 16086, 16080, 16038, 16006, 15050, 15033, 14031, 13074, 13073, 13063, 12090, 12089, 12068, 12038, 12032, 12031, 12002, 11186, 11185, 11183, 11181, 11180, 11169, 11164, 11163, 11161, 11160, 11155, 11153, 11149, 11145, 11141, 11135, 11127, 11114, 11112, 11110, 11098, 11079, 11067, 11065, 11062, 11059, 11057, 11050, 11036, 11033, 11031, 11029, 11026, 11017, 11016, 11007, 11001, 10997, 10975, 10965, 10957, 10956, 10955, 10953, 10936, 10932, 10928, 10926, 10898, 10892, 10880, 10876, 10871, 10868, 10864, 10835, 10834, 10833, 10833, 10829, 10827, 10826, 10826, 10821, 10816, 10805, 10797, 10781, 10739, 10735, 10730, 10730, 10713, 10712, 10705, 10705, 10704, 10703, 10702, 10702, 10663, 10636, 10634, 10632, 10630, 10624, 10624, 10617, 10614, 10613, 10612, 10608, 10604, 10595, 10588, 10588, 10578, 10577, 10575, 10572, 10571, 10553, 10552, 10546, 10535, 10533, 10506, 10505, 10504, 10480, 10459, 10431, 10320, 10317, 10167, 10054, 18074, 19005, 19016, 19081, 19123, 19114, 19172, 19163, 19202, 19350, 19351, 19500, 19566, 19567, 19568, 19569, 19570, 19571, 19572, 19573, 19574, 19575, 19576, 19577, 19578, 19579, 19580, 19581, 19582, 19583, 19584, 19585, 19586, 19587, 19588, 19589, 19590, 19591, 19592, 19593, 19594, 19595, 19596, 19597, 19598, 19599, 19600, 19601, 19602, 19603, 19604, 19605, 19606, 19607, 19608, 19609, 19610, 19611, 19612, 19613, 19614, 19615, 19616, 19617, 19618, 19619, 19620, 19621, 19622, 19623, 19624, 19625, 19626, 19627, 19628, 19629, 19630, 19631, 19632, 19633, 19634, 19635, 19636, 19637, 19638, 19639, 19640, 19641, 19642, 19643, 19644, 19645, 19646, 19647, 19648, 19649, 19650, 19651, 19652, 19653, 19654, 19655, 19656, 19657, 19658, 19659, 19660, 19661, 19662, 19663, 19664, 19665, 19666, 19667, 19668, 19669, 19670, 19671, 19672, 19673, 19674, 19675, 19676, 19677, 19678, 19679, 19680, 19681, 19682, 19683, 19684, 19685, 19686, 19688, 19689, 19692, 19693, 19695, 19697, 19698, 19699, 19700, 19704, 19706, 19707, 19708, 19741, 19744, 19751, 19752, 19180, 19181, 19182, 19183, 19184, 19185, 19186, 19187, 19188, 19189, 19190, 19191, 19192, 19193, 19194, 19195, 19196, 19197, 19198, 19199, 19200, 19201, 19429, 19430, 19431, 19432, 19433, 19434, 19435, 19436, 19437, 19438, 19439, 19440, 19441, 19442, 19443, 19444, 19445, 19446, 19447, 19448, 19449, 19450, 19452, 19454, 19455, 19457, 19458, 19549, 19460, 19461, 19462, 19463, 19464, 19466, 24048, 24047, 24046, 24045, 24044, 24031, 24030, 24027, 24025, 24023, 24022, 24021, 24020, 24010, 24009, 24008, 24007, 18068, 18067, 18066, 18065, 18064, 18063, 18062, 18061, 18058, 18057, 18052, 18051, 18050, 18049, 18048, 18047, 18046, 18045, 18044, 18043, 18042, 18041, 18040, 18039, 18038, 18037, 18036, 18035, 18034, 18033, 18032, 18031, 18030, 18029, 18027, 18026, 18025, 18021, 18020, 18018, 18017, 18016, 18015, 18014, 18013, 18012, 18011, 18010, 18009, 18008, 18007, 18006, 18005, 18004, 18003, 18002, 18001, 18000, 17099, 17098, 17097, 17096, 17095, 17094, 17093, 17092, 17091, 17090, 17089, 17088, 17087, 17086, 17085, 17084, 17083, 17082, 17081, 17080, 17078, 17077, 17076, 17073, 17071, 17068, 17067, 17066, 17065, 17064, 17063, 17062, 17061, 17058, 17057, 17056, 17055, 17054, 17052, 17050, 17047, 17046, 17045, 17042, 17041, 17039, 17038, 17037, 17035, 17034, 17033, 17032, 17031, 17030, 17027, 17026, 17025, 17024, 17023, 17022, 17019, 17018, 17017, 17016, 17015, 17014, 17013, 17012, 17010, 17009, 17008, 17007, 17004, 17002, 17001, 17000, 16099, 16093, 16092, 16090, 16089, 16088, 16087, 16086, 16085, 16084, 16083, 16082, 16081, 16080, 16075, 16074, 16073, 16071, 16070, 16069, 16065, 16064, 16063, 16062, 16061, 16060, 16059, 16058, 16055, 16054, 16052, 16051, 16050, 16047, 16046, 16045, 16044, 16043, 16042, 16041, 16040, 16039, 16038, 16037, 16036, 16035, 16034, 16033, 16032, 16030, 16029, 16028, 16027, 16026, 16025, 16024, 16023, 16022, 16021, 16019, 16013, 16012, 16010, 16009, 16008, 16007, 16006, 16004, 15099, 15096, 15095, 15093, 15092, 15090, 15089, 15088, 15086, 15085, 15084, 15082, 15077, 15076, 15075, 15074, 15073, 15072, 15071, 15070, 15069, 15068, 15067, 15066, 15064, 15063, 15061, 15060, 15058, 15057, 15056, 15051, 15050, 15049, 15048, 15047, 15046, 15045, 15044, 15043, 15042, 15041, 15036, 15033, 15032, 15027, 15026, 15025, 15024, 15022, 15021, 15020, 15015, 15014, 15013, 15012, 15011, 15010, 15008, 15007, 15005, 15004, 15002, 14099, 14098, 14097, 14096, 14095, 14094, 14093, 14092, 14091, 14090, 14089, 14088, 14087, 14086, 14085, 14083, 14082, 14081, 14079, 14078, 14077, 14076, 14074, 14073, 14072, 14071, 14070, 14069, 14068, 14067, 14066, 14065, 14064, 14063, 14062, 14061, 14060, 14059, 14058, 14057, 14056, 14055, 14054, 14053, 14052, 14051, 14050, 14049, 14048, 14047, 14046, 14045, 14044, 14043, 14042, 14041, 14040, 14038, 14037, 14036, 14033, 14032, 14031, 14030, 14028, 14027, 14025, 14024, 14023, 14022, 14020, 14019, 14018, 14016, 14015, 14011, 13084, 13083, 13082, 13080, 13078, 13076, 13075, 13074, 13073, 13066, 13065, 13064, 13063, 13062, 13061, 13058, 13056, 13054, 13048, 13047, 13046, 13045, 13044, 13041, 13040, 13039, 13038, 13037, 13036, 13034, 13033, 13032, 13031, 13030, 13029, 13028, 13027, 13026, 13025, 13023, 13022, 13021, 13020, 13019, 13018, 13017, 13016, 13014, 13013, 13012, 13011, 13010, 13009, 13008, 13007, 13005, 13004, 13003, 13002, 12099, 12098, 12096, 12095, 12094, 12093, 12092, 12091, 12090, 12089, 12088, 12087, 12085, 12081, 12079, 12078, 12077, 12076, 12075, 12074, 12073, 12072, 12071, 12070, 12069, 12068, 12066, 12065, 12064, 12063, 12060, 12059, 12058, 12055, 12054, 12053, 12052, 12051, 12050, 12049, 12048, 12045, 12044, 12042, 12041, 12040, 12038, 12037, 12032, 12031, 12030, 12022, 12021, 12020, 12017, 12015, 12014, 12013, 12012, 12010, 12004, 12003, 12002, 11198, 11196, 11195, 11191, 11186, 11185, 11184, 11183, 11182, 11181, 11180, 11179, 11177, 11174, 11173, 11171, 11170, 11169, 11168, 11164, 11163, 11162, 11161, 11160, 11157, 11155, 11154, 11153, 11149, 11147, 11145, 11141, 11135, 11127, 11118, 11116, 11114, 11112, 11110, 11109, 11098, 11097, 11086, 11079, 11067, 11065, 11062, 11059, 11057, 11050, 11036, 11033, 11031, 11029, 11026, 11019, 11017, 11016, 11007, 11001, 10997, 10975, 10965, 10957, 10956, 10955, 10953, 10936, 10932, 10928, 10926, 10923, 10898, 10892, 10880, 10876, 10871, 10868, 10866, 10864, 10835, 10834, 10833, 10833, 10829, 10827, 10826, 10826, 10821, 10816, 10811, 10807, 10805, 10801, 10797, 10793, 10781, 10739, 10735, 10730, 10730, 10713, 10712, 10705, 10705, 10704, 10703, 10702, 10702, 10663, 10636, 10634, 10632, 10630, 10624, 10624, 10617, 10614, 10613, 10612, 10608, 10604, 10595, 10588, 10588, 10578, 10577, 10575, 10572, 10571, 10553, 10552, 10546, 10535, 10533, 10506, 10505, 10504, 10480, 10459, 10431, 10320, 10317, 10167, 10054, 18053, 18056, 18073, 18074, 18076, 18077, 18080, 18081, 18083, 18084, 18085, 18086, 18087, 18088, 18089, 18096, 18097, 18098, 18070, 18071, 18078, 18079, 19002, 19003, 19004, 19005, 18095, 19006, 19007, 19008, 19009, 19010, 19012, 19001, 19013, 19015, 19016, 19017, 19019, 19020, 19022, 19024, 19026, 19027, 19028, 19031, 19032, 19033, 19029, 19037, 19038, 19040, 19043, 19044, 19045, 19060, 19021, 19061, 19062, 19063, 19065, 19068, 19069, 19070, 19067, 19072, 19076, 19077, 19078, 19079, 19080, 19081, 19074, 19075, 19042, 19089, 19090, 19091, 19096, 19097, 19106, 19107, 19108, 19115, 19119, 19121, 19122, 19123, 19125, 19126, 19127, 19128, 19129, 19131, 19114, 19148, 19150, 19151, 19155, 19159, 19160, 19161, 19164, 19170, 19171, 19172, 19163, 19202, 19211, 19212, 19213, 19214, 19215, 19218, 19234, 19235, 19242, 19243, 19250, 19251, 19252, 19253, 19254, 19247, 19248, 19249, 19256, 19257, 19258, 19259, 19263, 19264, 19265, 19266, 19267, 19268, 19269, 19270, 19271, 19272, 19273, 19274, 19275, 19276, 19277, 19278, 19279, 19280, 19281, 19282, 19283, 19288, 19289, 19304, 19290, 19291, 19292, 19293, 19294, 19295, 19296, 19297, 19298, 19300, 19314, 19315, 19318, 19319, 19321, 19322, 19323, 19327, 19328, 19331, 19332, 19333, 19334, 19335, 19336, 19337, 19338, 19339, 19341, 19342, 19343, 19344, 19347, 19388, 19387, 19350, 19351, 19352, 19353, 19354, 19355, 19356, 19357, 19358, 19359, 19360, 19361, 19362, 19363, 19364, 19365, 19366, 19367, 19368, 19369, 19371, 19372, 19373, 19374, 19375, 19376, 19377, 19378, 19380, 19381, 19382, 19384, 19385, 19386, 19349, 19348, 19389, 19390, 19391, 19392, 19393, 19394, 19397, 19398, 19401, 19402, 19403, 19404, 19405, 19406, 19407, 19408, 19409, 19411, 19412, 19413, 19414, 19415, 19416, 19417, 19420, 19421, 19422, 19423, 19426, 19427, 19428, 19451, 19467, 19468, 19469, 19470, 19471, 19472, 19473, 19474, 19481, 19482, 19489, 19490, 19491, 19493, 19494, 19495, 19496, 19497, 19498, 19499, 19500, 19501, 19502, 19503, 19504, 19505, 19506, 19507, 19508, 19509, 19510, 19511, 19512, 19513, 19514, 19517, 19518, 19519, 19520, 19521, 19522, 19523, 19524, 19525, 19526, 19527, 19528, 19529, 19530, 19531, 19532, 19533, 19534, 19535, 19537, 19538, 19539, 19540, 19541, 19546, 19547, 19548, 19543, 19563, 19544, 19550, 19551, 19552, 19553, 19554, 19555, 19556, 19557, 19558, 19559, 19560, 19561, 19562, 19564, 19565, 19566, 19567, 19568, 19569, 19570, 19571, 19572, 19573, 19574, 19575, 19576, 19577, 19578, 19579, 19580, 19581, 19582, 19583, 19584, 19585, 19586, 19587, 19588, 19589, 19590, 19591, 19592, 19593, 19594, 19595, 19596, 19597, 19598, 19599, 19600, 19601, 19602, 19603, 19604, 19605, 19606, 19607, 19608, 19609, 19610, 19611, 19612, 19613, 19614, 19615, 19616, 19617, 19618, 19619, 19620, 19621, 19622, 19623, 19624, 19625, 19626, 19627, 19628, 19629, 19630, 19631, 19632, 19633, 19634, 19635, 19636, 19637, 19638, 19639, 19640, 19641, 19642, 19643, 19644, 19645, 19646, 19647, 19648, 19649, 19650, 19651, 19652, 19653, 19654, 19655, 19656, 19657, 19658, 19659, 19660, 19661, 19662, 19663, 19664, 19665, 19666, 19667, 19668, 19669, 19670, 19671, 19672, 19673, 19674, 19675, 19676, 19677, 19678, 19679, 19680, 19681, 19682, 19683, 19684, 19685, 19686, 19687, 19688, 19689, 19690, 19691, 19692, 19693, 19694, 19697, 19698, 19699, 19700, 19704, 19706, 19707, 19708, 19709, 19712, 19713, 19716, 19717, 19718, 19719, 19720, 19722, 19723, 19725, 19726, 19727, 19728, 19729, 19730, 19731, 19732, 19733, 19735, 19737, 19738, 19740, 19741, 19742, 19743, 19744, 19746, 19747, 19748, 19749, 19750, 19751, 19752, 19754, 19755, 19756, 19758, 19759, 19760, 19761, 19763, 19764, 19176, 19178, 19180, 19181, 19182, 19183, 19184, 19185, 19186, 19187, 19188, 19189, 19190, 19191, 19192, 19193, 19194, 19195, 19196, 19197, 19198, 19199, 19200, 19201, 19429, 19430, 19431, 19432, 19433, 19434, 19435, 19436, 19437, 19438, 19439, 19440, 19441, 19442, 19443, 19444, 19445, 19446, 19447, 19448, 19449, 19450, 19452, 19454, 19455, 19457, 19458, 19549, 19460, 19461, 19462, 19463, 19464, 19466, 24048, 24047, 24046, 24045, 24044, 24043, 24042, 24041, 24040, 24039, 24038, 24037, 24036, 24035, 24034, 24033, 24032, 24031, 24030, 24029, 24028, 24027, 24025, 24024, 24023, 24022, 24021, 24020, 24019, 24018, 24017, 24016, 24013, 24012, 24011, 24010, 24009, 24008, 24007, 24006, 24005, 24004, 24003, 24002, 24001, 24000, 18069, 18068, 18067, 18066, 18065, 18064, 18063, 18062, 18061, 18059, 18058, 18057, 18052, 18051, 18050, 18049, 18048, 18047, 18046, 18045, 18044, 18043, 18042, 18041, 18040, 18039, 18038, 18037, 18036, 18035, 18034, 18033, 18032, 18031, 18030, 18029, 18028, 18027, 18026, 18025, 18024, 18023, 18022, 18021, 18020, 18019, 18018, 18017, 18016, 18015, 18014, 18013, 18012, 18011, 18010, 18009, 18008, 18007, 18006, 18005, 18004, 18003, 18002, 18001, 18000, 17099, 17098, 17097, 17096, 17095, 17094, 17093, 17092, 17091, 17090, 17089, 17088, 17087, 17086, 17085, 17084, 17083, 17082, 17081, 17080, 17079, 17078, 17077, 17076, 17075, 17073, 17071, 17070, 17068, 17067, 17066, 17065, 17064, 17063, 17062, 17061, 17058, 17057, 17056, 17055, 17054, 17053, 17052, 17051, 17050, 17047, 17046, 17045, 17044, 17043, 17042, 17041, 17040, 17039, 17038, 17037, 17036, 17035, 17034, 17033, 17032, 17031, 17030, 17029, 17027, 17026, 17025, 17024, 17023, 17022, 17021, 17020, 17019, 17018, 17017, 17016, 17015, 17014, 17013, 17012, 17011, 17010, 17009, 17008, 17007, 17006, 17005, 17004, 17003, 17002, 17001, 17000, 16099, 16098, 16097, 16096, 16095, 16094, 16093, 16092, 16091, 16090, 16089, 16088, 16087, 16086, 16085, 16084, 16083, 16082, 16081, 16080, 16079, 16078, 16077, 16076, 16075, 16074, 16073, 16072, 16071, 16070, 16069, 16068, 16066, 16065, 16064, 16063, 16062, 16061, 16060, 16059, 16058, 16055, 16054, 16053, 16052, 16051, 16050, 16049, 16048, 16047, 16046, 16045, 16044, 16043, 16042, 16041, 16040, 16039, 16038, 16037, 16036, 16035, 16034, 16033, 16032, 16031, 16030, 16029, 16028, 16027, 16026, 16025, 16024, 16023, 16022, 16021, 16020, 16019, 16018, 16017, 16016, 16015, 16014, 16013, 16012, 16011, 16010, 16009, 16008, 16007, 16006, 16005, 16004, 16003, 16002, 16001, 16000, 15099, 15096, 15095, 15094, 15093, 15092, 15091, 15090, 15089, 15088, 15087, 15086, 15085, 15084, 15083, 15082, 15081, 15080, 15079, 15078, 15077, 15076, 15075, 15074, 15073, 15072, 15071, 15070, 15069, 15068, 15067, 15066, 15065, 15064, 15063, 15062, 15061, 15060, 15059, 15058, 15057, 15056, 15055, 15054, 15053, 15052, 15051, 15050, 15049, 15048, 15047, 15046, 15045, 15044, 15043, 15042, 15041, 15040, 15039, 15038, 15037, 15036, 15035, 15034, 15033, 15032, 15031, 15030, 15029, 15028, 15027, 15026, 15025, 15024, 15023, 15022, 15021, 15020, 15019, 15018, 15017, 15016, 15015, 15014, 15013, 15012, 15011, 15010, 15009, 15008, 15007, 15006, 15005, 15004, 15003, 15002, 15001, 15000, 14099, 14098, 14097, 14096, 14095, 14094, 14093, 14092, 14091, 14090, 14089, 14088, 14087, 14086, 14085, 14084, 14083, 14082, 14081, 14080, 14079, 14078, 14077, 14076, 14075, 14074, 14073, 14072, 14071, 14070, 14069, 14068, 14067, 14066, 14065, 14064, 14063, 14062, 14061, 14060, 14059, 14058, 14057, 14056, 14055, 14054, 14053, 14052, 14051, 14050, 14049, 14048, 14047, 14046, 14045, 14044, 14043, 14042, 14041, 14040, 14039, 14038, 14037, 14036, 14035, 14034, 14033, 14032, 14031, 14030, 14029, 14028, 14027, 14026, 14025, 14024, 14023, 14022, 14021, 14020, 14019, 14018, 14017, 14016, 14015, 14014, 14013, 14012, 14011, 13084, 13083, 13082, 13081, 13080, 13079, 13078, 13077, 13076, 13075, 13074, 13073, 13072, 13070, 13069, 13068, 13067, 13066, 13065, 13064, 13063, 13062, 13061, 13060, 13059, 13058, 13057, 13056, 13055, 13054, 13053, 13052, 13051, 13050, 13049, 13048, 13047, 13046, 13045, 13044, 13043, 13042, 13041, 13040, 13039, 13038, 13037, 13036, 13035, 13034, 13033, 13032, 13031, 13030, 13029, 13028, 13027, 13026, 13025, 13024, 13023, 13022, 13021, 13020, 13019, 13018, 13017, 13016, 13014, 13013, 13012, 13011, 13010, 13009, 13008, 13007, 13006, 13005, 13004, 13003, 13002, 13001, 13000, 12099, 12098, 12096, 12095, 12094, 12093, 12092, 12091, 12090, 12089, 12088, 12087, 12086, 12085, 12082, 12081, 12079, 12078, 12077, 12076, 12075, 12074, 12073, 12072, 12071, 12070, 12069, 12068, 12066, 12065, 12064, 12063, 12061, 12059, 12058, 12057, 12056, 12055, 12054, 12053, 12052, 12051, 12050, 12049, 12048, 12047, 12046, 12045, 12044, 12043, 12042, 12041, 12040, 12039, 12038, 12037, 12036, 12035, 12033, 12032, 12031, 12030, 12027, 12026, 12024, 12023, 12022, 12021, 12020, 12018, 12017, 12016, 12015, 12014, 12013, 12012, 12010, 12009, 12008, 12007, 12006, 12004, 12003, 12002, 12001, 12000, 11197, 11196, 11195, 11194, 11193, 11191, 11190, 11186, 11185, 11184, 11183, 11182, 11181, 11180, 11179, 11178, 11177, 11176, 11174, 11173, 11171, 11170, 11169, 11168, 11164, 11163, 11162, 11161, 11160, 11157, 11155, 11154, 11153, 11152, 11149, 11147, 11145, 11144, 11142, 11141, 11135, 11127, 11126, 11121, 11118, 11116, 11114, 11112, 11110, 11109, 11106, 11103, 11101, 11098, 11097, 11090, 11079, 11067, 11065, 11062, 11059, 11057, 11050, 11047, 11042, 11036, 11033, 11031, 11029, 11028, 11026, 11019, 11017, 11016, 11007, 11001, 10997, 10988, 10975, 10965, 10957, 10956, 10955, 10953, 10940, 10936, 10932, 10928, 10926, 10923, 10898, 10892, 10880, 10876, 10871, 10868, 10866, 10864, 10862, 10840, 10835, 10834, 10833, 10833, 10829, 10827, 10826, 10826, 10821, 10816, 10811, 10807, 10805, 10804, 10801, 10797, 10793, 10781, 10742, 10739, 10735, 10730, 10730, 10713, 10712, 10705, 10705, 10704, 10703, 10702, 10702, 10663, 10636, 10634, 10632, 10630, 10624, 10624, 10617, 10614, 10613, 10612, 10608, 10604, 10600, 10595, 10588, 10588, 10578, 10577, 10575, 10572, 10571, 10553, 10552, 10546, 10535, 10533, 10506, 10505, 10504, 10480, 10459, 10431, 10320, 10317, 10167, 10054, 10025, 18053, 18056, 18073, 18074, 18076, 18077, 18080, 18081, 18083, 18084, 18085, 18086, 18087, 18088, 18089, 18092, 18093, 18094, 18096, 18097, 18098, 18070, 18071, 18078, 18079, 18099, 19002, 19003, 19004, 19005, 18095, 19006, 19007, 19008, 19009, 19010, 19011, 19012, 19000, 19001, 19014, 19013, 19015, 19016, 19017, 19018, 19019, 19020, 19022, 19034, 19035, 19036, 19023, 19024, 19026, 19027, 19028, 19030, 19031, 19032, 19033, 19029, 19037, 19038, 19040, 19043, 19044, 19045, 19047, 19048, 19049, 19041, 19050, 19052, 19053, 19054, 19055, 19057, 19039, 19060, 19021, 19061, 19062, 19059, 19063, 19064, 19065, 19068, 19066, 19069, 19070, 19071, 19067, 19072, 19076, 19077, 19078, 19079, 19080, 19081, 19074, 19075, 19083, 19084, 19042, 19073, 19086, 19087, 19088, 19089, 19090, 19091, 19096, 19097, 19100, 19103, 19106, 19107, 19108, 19109, 19111, 19113, 19115, 19118, 19119, 19120, 19136, 19121, 19137, 19122, 19123, 19124, 19138, 19125, 19139, 19126, 19127, 19128, 19129, 19140, 19130, 19131, 19141, 19142, 19112, 19143, 19144, 19114, 19145, 19146, 19147, 19148, 19149, 19150, 19151, 19152, 19153, 19154, 19155, 19156, 19157, 19158, 19159, 19160, 19161, 19164, 19166, 19167, 19169, 19116, 19170, 19171, 19172, 19175, 19162, 19163, 19165, 19202, 19203, 19204, 19205, 19206, 19207, 19208, 19209, 19210, 19211, 19212, 19213, 19214, 19215, 19216, 19217, 19218, 19219, 19220, 19221, 19222, 19223, 19224, 19225, 19226, 19227, 19228, 19229, 19231, 19232, 19233, 19234, 19235, 19236, 19237, 19238, 19239, 19240, 19241, 19242, 19243, 19244, 19250, 19251, 19252, 19253, 19254, 19245, 19246, 19247, 19248, 19249, 19255, 19256, 19257, 19258, 19259, 19260, 19262, 19261, 19263, 19264, 19265, 19266, 19267, 19268, 19269, 19270, 19271, 19272, 19273, 19274, 19275, 19276, 19277, 19278, 19279, 19280, 19281, 19282, 19283, 19284, 19285, 19286, 19287, 19288, 19289, 19304, 19290, 19291, 19292, 19293, 19294, 19295, 19296, 19297, 19298, 19299, 19300, 19301, 19302, 19303, 19310, 19311, 19313, 19314, 19315, 19316, 19317, 19318, 19319, 19320, 19321, 19322, 19323, 19324, 19325, 19326, 19327, 19328, 19329, 19330, 19331, 19332, 19333, 19334, 19335, 19336, 19337, 19338, 19339, 19340, 19341, 19342, 19343, 19344, 19345, 19346, 19347, 19388, 19387, 19350, 19351, 19352, 19353, 19354, 19355, 19356, 19357, 19358, 19359, 19360, 19361, 19362, 19363, 19364, 19365, 19366, 19367, 19368, 19369, 19370, 19371, 19372, 19373, 19374, 19375, 19376, 19377, 19378, 19379, 19380, 19381, 19382, 19383, 19384, 19385, 19386, 19349, 19348, 19389, 19390, 19391, 19392, 19393, 19394, 19395, 19396, 19397, 19398, 19399, 19400, 19401, 19402, 19403, 19404, 19405, 19406, 19407, 19408, 19409, 19410, 19411, 19412, 19413, 19414, 19415, 19416, 19417, 19418, 19419, 19420, 19421, 19422, 19423, 19424, 19425, 19426, 19427, 19428, 19451, 19467, 19468, 19469, 19470, 19471, 19472, 19473, 19474, 19475, 19476, 19477, 19478, 19479, 19480, 19481, 19482, 19483, 19484, 19485, 19486, 19487, 19488, 19489, 19490, 19491, 19492, 19493, 19494, 19495, 19496, 19497, 19498, 19499, 19500, 19501, 19502, 19503, 19504, 19505, 19506, 19507, 19508, 19509, 19510, 19511, 19512, 19513, 19514, 19515, 19516, 19517, 19518, 19519, 19520, 19521, 19522, 19523, 19524, 19525, 19526, 19527, 19528, 19529, 19530, 19531, 19532, 19533, 19534, 19535, 19536, 19537, 19538, 19539, 19540, 19541, 19542, 19546, 19547, 19548, 19543, 19563, 19544, 19550, 19551, 19552, 19553, 19554, 19555, 19545, 19556, 19557, 19558, 19559, 19560, 19561, 19562, 19564, 19565, 19566, 19567, 19568, 19569, 19570, 19571, 19572, 19573, 19574, 19575, 19576, 19577, 19578, 19579, 19580, 19581, 19582, 19583, 19584, 19585, 19586, 19587, 19588, 19589, 19590, 19591, 19592, 19593, 19594, 19595, 19596, 19597, 19598, 19599, 19600, 19601, 19602, 19603, 19604, 19605, 19606, 19607, 19608, 19609, 19610, 19611, 19612, 19613, 19614, 19615, 19616, 19617, 19618, 19619, 19620, 19621, 19622, 19623, 19624, 19625, 19626, 19627, 19628, 19629, 19630, 19631, 19632, 19633, 19634, 19635, 19636, 19637, 19638, 19639, 19640, 19641, 19642, 19643, 19644, 19645, 19646, 19647, 19648, 19649, 19650, 19651, 19652, 19653, 19654, 19655, 19656, 19657, 19658, 19659, 19660, 19661, 19662, 19663, 19664, 19665, 19666, 19667, 19668, 19669, 19670, 19671, 19672, 19673, 19674, 19675, 19676, 19677, 19678, 19679, 19680, 19681, 19682, 19683, 19684, 19685, 19686, 19687, 19688, 19689, 19690, 19691, 19692, 19693, 19694, 19695, 19696, 19697, 19698, 19699, 19700, 19701, 19702, 19703, 19704, 19705, 19706, 19707, 19708, 19709, 19710, 19711, 19712, 19713, 19714, 19715, 19716, 19717, 19718, 19719, 19720, 19721, 19722, 19723, 19725, 19726, 19727, 19728, 19729, 19730, 19731, 19732, 19733, 19734, 19735, 19736, 19737, 19738, 19739, 19740, 19741, 19742, 19743, 19744, 19745, 19746, 19747, 19748, 19749, 19750, 19751, 19752, 19753, 19754, 19755, 19756, 19757, 19758, 19759, 19760, 19761, 19762, 19763, 19764, 19176, 19177, 19178, 19179, 19180, 19181, 19182, 19183, 19184, 19185, 19186, 19187, 19188, 19189, 19190, 19191, 19192, 19193, 19194, 19195, 19196, 19197, 19198, 19199, 19200, 19201, 19429, 19430, 19431, 19432, 19433, 19434, 19435, 19436, 19437, 19438, 19439, 19440, 19441, 19442, 19443, 19444, 19445, 19446, 19447, 19448, 19449, 19450, 19452, 19454, 19455, 19457, 19458, 19549, 19460, 19461, 19462, 19463, 19464, 19466, 24048, 24047, 24046"
Beige print satin,3166,"19355, 19366"
Lavender midium polka,3164,"19358, 19365"
Peach zebra print crepe,9039,"19360, 19340"
White black tropical print,3168,"19361, 19379"
Orange white polka,9101,"19362, 19371, 19372, 19380"
Navy white polka crepe ,9100,19363
Multi print stripe crepe,9094,19367
Green & beige chain print,3163,19369
Purple floral rayon ,9082,"19370, 19405, 19565"
Blue & white printed moss crepe,3222,19373
Wine floral print crepe,9032,19378
White cotton slub,3115,"19384, 19527, 19537, 19542, 19547, 19551, 19554, 19370"
White telsa,3128,"19385, 19386"
Burgundy french crepe ,9110,19390
Brown french crepe,3223,19391
Mint green paisley print crepe,9040,19393
Beige  cotton slub,3113,19395
Black floral check crepe,9088,19397
Yellow rayon,3131,"19399, 19400, 19476, 19487"
White & black floral crepe ,9108,"19401, 19559"
Black & beige sneck  print mosscrepe,3165,19402
Red & white box print crepe,9061,19403
Pink & orange print satin,9109,19408
Blue white printed crepe,9104,19409
Blue printed crepe,9102,19410
Parrot green crepe ,3226,19412
Blue solid crepe,3227,19413
Solid coffee brown crepe ,3006,19415
Red Bluefloral crepe,9099,19419
Navy multi size polka ggt,3228,19420
Beige plain linen,3171,19421
Red plain linen,3173,19422
Pink & white stripe linen,3175,"19423, 19556, 19424"
Pink plain linen,3172,"19424, 19428, 19563, 19555"
Green & white thick stripe linen,3176,19425
Blue & white thick stripe linen,3174,19426
Green orange plain linen,3177,19427
Blue  tai & dye and dye rayon,9105,"19451, 19484"
Rust block print cotton,3229,19467
Rust polka rayon,3130,19468
Mint green big polka ,3134,19471
Powder blue big polka crepe,3230,19473
White rayon,3158,"19475, 19484"
Red rayon,3220,"19477, 19479, 19325"
Green block print cotton,3233,"19481, 19482"
Blue block print cotton,3234,19483
Peach rayon,3121,"19485, 19506"
Olive rayon,3135,19486
Grey & purple floral crepe,9091,19488
Olive pink floral cotton,3149,"19490, 19476"
Red floral rayon,3231,"19491, 19475"
Peach pink rayon,3136,"19492, 19548"
Green &  pink floral cotton,3146,"19493, 19478, 19480"
Red green floral cotton,3236,"19494, 19486"
Teal floral crepe ,3143,19495
Black big polka crepe ,9118,"19496, 19501, 19696"
Mustard paisely cotton,3188,19497
Wine white floral cotton,3189,19498
Maroon big polka,3162,19499
Red big polka crepe,3159,19502
Pink floral cotton,3151,"19503, 19504, 19513"
Black rayon,3145,"19505, 19546, 19558"
Blue dai & dai chiffon,3137,19508
Blue & green print chiffon,3138,19509
Navy floral cotton,3141,19512
Powder blue rayon,3122,19514
Blue plain linen,3192,"19517, 19523, 19524, 19528"
Brown & white marble print lycra,3238,19518
Black & Grey stripe linen ,3210,19519
Beige rayon,3239,"19520, 19539"
Pink & white check cotton,3190,"19521, 19525, 19534"
Wine ikkat mrslin cotton,3178,19522
Black & white check cotton,3184,"19526, 19529, 19540, 19536"
White & navy floral cotton,3139,19530
Yellow & white mediem stripe ,3181,19531
Green & white stripe cotton,3186,19532
Yellow thin stripe cotton,3179,19533
Blue & white thin stripe,3185,19535
Black & white stripe cotton,3183,"19536, 19538"
Pink & white stripe cotton,3187,19541
Black rib,3242,19543
White velentino,3207,19544
Pink moss crepe,4019,"19553, 19313"
Pink cotton slub,3241,19557
Black big polka,3152,"19561, 19562"
Lavender rayon,3154,19564
Green Noritake silk ,6003,19748
Solid Lavender crepe ,3003,19764
Black sequence,3023,"24043, 16091, 15023, 15018, 13001, 10862, 10742, 10600, 19011, 19000, 19034, 19205, 19207, 19209, 19236, 19237, 19240, 19241, 19244, 19710, 12005, 19046, 19051"
Navy brocade,10043,"24042, 24004"
Yellow brocade,10046,24041
Golden & red brocade,10005,"24040, 24005, 24002"
Golden navy brocade,10009,"24039, 24017, 24014"
Purple brocade,10034,"24038, 24037, 24032"
,10016,"24036, 24006"
Red sequence,3038,"24035, 16078, 15001, 15000, 11199, 11198, 19724"
Red brocade,10047,"24034, 24003"
,10053,"24033, 24000"
Pink brocade,10044,24029
Golden pink brocade ,10033,24026
Pista green brocade,10059,24024
Black lining,5000,"24019, 18055, 17053, 16067, 16057, 16048, 16017, 15091, 15080, 15079, 14075, 14029, 12062, 12061, 12057, 12036, 12033, 12023, 11193, 11190, 11189, 11188, 18092, 19018, 19023, 19057, 19714, 19745, 19101"
Orange lining,5002,"24018, 14035, 13059, 13055, 19056, 19173, 19174"
Burgundy lining,5007,"24015, 17011, 15083, 15019, 13071, 19099"
Navy lining,5010,"24014, 15078, 15017, 12006, 11194, 10940, 18091, 18093"
Yellow lining,5004,"24013, 14013, 13035, 19308, 19310"
,10042,24001
Rust lining,5054,"18069, 18024"
White lining,5008,"18059, 18023, 18022, 18019, 16097, 16016, 16003, 16002, 15094, 15087, 15065, 15035, 13077, 13006, 12082, 12035, 18094, 19311, 19312"
Red lining,5006,"17075, 17051, 16068, 15059, 15031, 14080, 13079, 13070, 13042, 12067, 12018, 12001, 11199, 11126, 19724"
Green Black ombre sequence,3070,"17070, 16079, 19101, 16057"
Maroon Rabbit fur silver spangle,8003,17044
Black Rabbit fur silver spangle,8004,"17043, 17036"
Multi Sequin net ,3071,"17029, 19208, 19753"
Turquoise green lining,5019,"17028, 16072, 16066, 13072, 18090, 19098, 19162"
purple small butta brocade,10057,"17006, 10512"
Olive Brocade,10058,17005
black big butta brocade,10055,"16098, 12008, 12007"
Black net,4010,"16096, 12039, 12027, 11101, 19721, 12062"
Bottle green plain net,4036,16095
Turquoise plain net,3213,16094
Purple-black Ombre sequence,3040,"16077, 15003, 19204, 19262, 13071, 19099"
Magenta lining,5003,"16076, 14034, 13069, 13043, 19051, 19305, 24026"
Maroon lining,5016,"16056, 15039, 18060"
Red black ombre sequence,3039,"16053, 13000, 12024, 12009, 19216, 19231, 17074, 16056, 11086, 18060"
Lavender lining,5021,"16020, 15040, 19306, 19102"
Peach lining,5013,"16018, 13081, 19168"
Pink lining,5001,"16015, 16005, 15055, 15054, 15037, 15034, 13068, 13067, 13053, 10025, 19309"
Mint green lining,5005,"16014, 15053, 15009, 15006, 14039, 14017, 14014, 14012"
Turquoise lining,5048,"16000, 15098, 15097, 15029, 11144, 19092, 19093, 19104, 19105, 19307, 19177"
Off white thik lining,5053,"15081, 15028"
White net,4011,"15052, 12026"
Mauve lining,5012,"15038, 13060, 10512"
Olive lining,5015,"15030, 19757"
black small butta brocade ,10056,14021
Red net,4012,"13057, 12067"
Powder blue lining crepe,5063,19014
light turquoise sequence,3098,"19035, 19036, 19113, 19092, 19093, 19104, 19105"
Mint green polka crepe,9079,19030
Gray lining,5022,19046
 White Multi-color sequin,3079,19066
White Floral net,6084,"19083, 19084, 19701"
Dark grey lining,5051,"19094, 19095"
peach sequin,3103,"19100, 19111, 19120"
Lavender sequenece,3100,"19102, 19103"
Silver-white sequins,3092,"19109, 19175, 19094, 19095"
Silver khichdi Sequin net,3069,"19110, 19219, 19220, 19222, 19223, 19230, 19233, 19245, 19260, 16067"
Brown Leather ,8002,19140
Black leather,8028,"19141, 19165"
Black New fur,8031,"19142, 19144, 19145"
Yellow big sequece,3101,"19112, 19206"
Brown fur,8030,"19143, 19147"
Green owl print ,9060,19156
Red & black sequence,3095,"19166, 19167"
Fusia pink sequence,3088,"19169, 19168"
Peach sequence,3097,19116
Orange sequin,3077,"19173, 19174, 19056"
Bronz brocade,10012,"19203, 24015"
Face print crepe,9078,19246
sky green geometric print crepe,9083,19303
White big polka crepe,9003,19317
Beige & golden florsl net,3224,19395
Yellow floral net,3225,"19399, 19400"
Mint & blue floral cotton,3147,19477
White & pink floral cotton,3148,"19479, 19485, 19492"
Blue & white print cotton,3235,19483
Olive yellow print cotton,3237,19487
Black & white print rayon,3240,19542
Maroon Khichdi Sequin net ,3054,18055
Rama green khichdi Sequence net ,3055,"17028, 18090, 19098"
Turquoise Stripe Organza ,6042,15098
Turquoise organza,6041,15097
Navy lehariya Sequence net,3053,18091
magenta sequins,3102,19085
Light yellow sequence,3096,19308
